Approach,Dataset,Method,k,N_runs,Inertia_mean,Inertia_std,Silhouette_mean,Silhouette_std,Calinski_Harabasz_mean,Calinski_Harabasz_std,Davies_Bouldin_mean,Davies_Bouldin_std,BCSS_mean,BCSS_std,Variance_Ratio_mean,Variance_Ratio_std,Balance_mean,Balance_std,SPD_mean,SPD_std,Disparate_Impact_mean,Disparate_Impact_std,Entropy_mean,Entropy_std
approach2,adult,kmeans,5,30,249892.9929,3773.3117,0.152,0.0095,3383.0743,165.9228,1.6967,0.1128,112051.0071,3773.3117,0.4487,0.022,0.3924,0.0292,0.1514,0.0145,0.5493,0.0656,0.7877,0.0343
approach2,adult,fairlet,5,30,331501.336,965.137,-0.0015,0.0072,692.4194,23.941,3.8282,0.0881,30442.664,965.137,0.0918,0.0032,0.848,0.0059,0.1364,0.0118,0.484,0.0123,0.9412,0.0078
approach2,adult,bfkm,5,30,262639.7032,7509.919,0.1347,0.0316,2859.1125,298.0338,2.0136,0.203,99304.2968,7509.919,0.3792,0.0395,0.4037,0.0382,0.1542,0.0374,0.5395,0.0921,0.7873,0.049
approach2,adult,fair_centroid,5,30,256878.7482,4309.0929,0.147,0.0119,3086.5605,176.0569,1.7921,0.1056,105065.2518,4309.0929,0.4094,0.0234,0.3924,0.0301,0.1519,0.0142,0.5417,0.0694,0.7811,0.0362
approach2,adult,postprocessing_nfp,5,30,251819.1104,3597.4897,0.1515,0.0097,3299.2602,155.0352,1.7004,0.1118,110124.8896,3597.4897,0.4376,0.0206,0.3959,0.0281,0.1511,0.0145,0.5557,0.0645,0.7934,0.0327
approach2,adult,postprocessing_gini,5,30,251913.7362,3600.4983,0.1514,0.0097,3295.1908,155.0382,1.7014,0.1118,110030.2638,3600.4983,0.4371,0.0206,0.3959,0.0281,0.1511,0.0145,0.5557,0.0645,0.7934,0.0327
approach2,adult,rawlsian,5,30,268282.2368,3915.3539,0.127,0.007,2634.2233,147.112,2.1416,0.1383,93661.7632,3915.3539,0.3494,0.0195,0.3773,0.0241,0.1919,0.0028,0.4157,0.0476,0.7187,0.0228
approach2,compas,kmeans,2,30,193334.8893,0.132,0.1794,0.0,2018.1885,0.0078,1.9963,0.0002,41540.1107,0.132,0.2149,0.0,0.2623,0.0001,0.0932,0.0003,0.8294,0.0006,0.7308,0.0001
approach2,compas,fairlet,2,30,228972.383,251.417,0.0161,0.0031,242.1512,10.576,4.6023,0.1569,5902.617,251.417,0.0258,0.0011,0.5745,0.0024,0.3696,0.014,0.4172,0.0092,0.7783,0.005
approach2,compas,bfkm,2,30,193402.9205,0.2045,0.1794,0.0,2014.1746,0.0121,1.9979,0.0,41472.0795,0.2045,0.2144,0.0,0.2623,0.0,0.0923,0.0003,0.8309,0.0004,0.731,0.0
approach2,compas,fair_centroid,2,30,195366.8384,6.5553,0.1727,0.0001,1899.5044,0.3789,2.0457,0.0002,39508.1616,6.5553,0.2022,0.0,0.2645,0.0001,0.1058,0.0002,0.8086,0.0003,0.7316,0.0001
approach2,compas,postprocessing_nfp,2,30,193355.2316,2.1392,0.1793,0.0,2016.988,0.1262,1.9973,0.0003,41519.7684,2.1392,0.2147,0.0,0.262,0.0001,0.0912,0.0003,0.8328,0.0006,0.7308,0.0001
approach2,compas,postprocessing_gini,2,30,193547.0663,9.4047,0.1786,0.0,2005.679,0.5539,2.0029,0.0005,41327.9337,9.4047,0.2135,0.0001,0.262,0.0001,0.0912,0.0003,0.8328,0.0006,0.7308,0.0001
approach2,compas,rawlsian,2,30,193335.0223,0.1268,0.1794,0.0,2018.1807,0.0075,1.9963,0.0002,41539.9777,0.1268,0.2149,0.0,0.2623,0.0001,0.0934,0.0003,0.8291,0.0006,0.7309,0.0001
approach2,german,kmeans,2,30,18344.1708,0.0202,0.0821,0.0004,90.0841,0.0012,3.2322,0.0015,1655.8292,0.0202,0.0903,0.0,0.4534,0.0018,0.1971,0.0052,0.6636,0.0072,0.8581,0.0014
approach2,german,fairlet,2,30,19538.5544,46.8948,0.0214,0.0102,23.5758,2.4518,5.7125,0.3054,461.4456,46.8948,0.0236,0.0025,0.6475,0.0199,0.2652,0.0558,0.5529,0.0444,0.8853,0.0206
approach2,german,bfkm,2,30,18435.8155,189.9073,0.1065,0.0623,84.7876,10.9113,3.0138,0.5917,1564.1845,189.9073,0.085,0.0109,0.436,0.034,0.162,0.0564,0.6918,0.0282,0.8528,0.0191
approach2,german,fair_centroid,2,30,18393.2661,8.5601,0.0808,0.0004,87.18,0.5054,3.2848,0.0091,1606.7339,8.5601,0.0874,0.0005,0.4543,0.0019,0.1988,0.0056,0.6615,0.0077,0.858,0.0014
approach2,german,postprocessing_nfp,2,30,18369.032,1.1138,0.0825,0.0005,88.6114,0.0659,3.254,0.0026,1630.968,1.1138,0.0888,0.0001,0.4461,0.0015,0.1754,0.0052,0.6931,0.0075,0.8613,0.0014
approach2,german,postprocessing_gini,2,30,18429.1316,0.3861,0.0785,0.0004,85.0679,0.0227,3.3144,0.0027,1570.8684,0.3861,0.0852,0.0,0.4461,0.0015,0.1754,0.0052,0.6931,0.0075,0.8613,0.0014
approach2,german,rawlsian,2,30,18344.1941,0.044,0.0817,0.0003,90.0827,0.0026,3.2338,0.0017,1655.8059,0.044,0.0903,0.0,0.4556,0.0015,0.2016,0.0016,0.6578,0.0021,0.8578,0.0008
approach2,credit,kmeans,2,30,572434.3126,0.0146,0.1383,0.0,4588.8156,0.0009,2.4359,0.0001,87565.6874,0.0146,0.153,0.0,0.6422,0.0,0.0483,0.0001,0.9017,0.0002,0.963,0.0
approach2,credit,fairlet,2,30,631100.138,435.4802,0.0369,0.0007,1373.7083,21.6448,4.4353,0.0409,28899.862,435.4802,0.0458,0.0007,0.7456,0.0023,0.1699,0.0032,0.7024,0.0035,0.9571,0.0011
approach2,credit,bfkm,2,30,572434.2823,0.0239,0.1383,0.0,4588.8174,0.0014,2.4359,0.0002,87565.7177,0.0239,0.153,0.0,0.6422,0.0,0.0483,0.0001,0.9018,0.0001,0.963,0.0
approach2,credit,fair_centroid,2,30,575319.151,54.3752,0.1353,0.0,4415.3863,3.2523,2.475,0.001,84680.849,54.3752,0.1472,0.0001,0.6422,0.0001,0.0464,0.0002,0.9052,0.0004,0.9632,0.0
approach2,credit,postprocessing_nfp,2,30,572501.6981,0.0567,0.138,0.0,4584.7446,0.0034,2.4375,0.0001,87498.3019,0.0567,0.1528,0.0,0.6426,0.0,0.0471,0.0001,0.9042,0.0002,0.9632,0.0
approach2,credit,postprocessing_gini,2,30,572595.581,0.0752,0.138,0.0,4579.0744,0.0045,2.4392,0.0001,87404.419,0.0752,0.1526,0.0,0.6426,0.0,0.0471,0.0001,0.9042,0.0002,0.9632,0.0
approach2,credit,rawlsian,2,30,572434.3561,0.0148,0.1383,0.0,4588.813,0.0009,2.436,0.0001,87565.6439,0.0148,0.153,0.0,0.6422,0.0,0.0483,0.0,0.9018,0.0001,0.963,0.0
approach2,law,kmeans,4,30,100572.086,1417.8391,0.2713,0.0312,5350.5206,157.3349,1.2632,0.1092,86347.914,1417.8391,0.8589,0.0253,0.7195,0.005,0.0258,0.0006,0.8224,0.003,0.978,0.0006
approach2,law,fairlet,4,30,154358.3831,280.5411,0.0517,0.0014,1314.0913,13.7124,2.6985,0.0343,32561.6169,280.5411,0.211,0.0022,0.8904,0.0018,0.0709,0.0013,0.7607,0.0024,0.9856,0.0006
approach2,law,bfkm,4,30,104585.8525,2800.1432,0.2063,0.037,4911.6812,288.3261,1.5857,0.1724,82334.1475,2800.1432,0.7885,0.0463,0.7089,0.0213,0.0246,0.0028,0.8281,0.0193,0.9767,0.0029
approach2,law,fair_centroid,4,30,103225.5207,952.6462,0.2662,0.0301,5051.6346,101.6162,1.2849,0.1075,83694.4793,952.6462,0.8109,0.0163,0.7184,0.0053,0.0254,0.0002,0.8211,0.0021,0.9777,0.0007
approach2,law,postprocessing_nfp,4,30,100775.7928,1424.3363,0.2702,0.0312,5327.1243,157.4032,1.2676,0.1097,86144.2072,1424.3363,0.8552,0.0253,0.7252,0.005,0.0251,0.0006,0.8271,0.003,0.9795,0.0006
approach2,law,postprocessing_gini,4,30,100881.288,1404.8857,0.2703,0.0311,5314.9757,155.011,1.2685,0.1092,86038.712,1404.8857,0.8532,0.0249,0.7252,0.005,0.0251,0.0006,0.8271,0.003,0.9795,0.0006
approach2,law,rawlsian,4,30,104838.0555,1.3753,0.1749,0.0001,4877.1965,0.1457,1.575,0.003,82081.9445,1.3753,0.7829,0.0,0.7043,0.0003,0.0236,0.0,0.8333,0.0004,0.9763,0.0001
approach2,adult_race,kmeans,5,30,249892.9929,3773.3117,0.152,0.0095,3383.0743,165.9228,1.6967,0.1128,112051.0071,3773.3117,0.4487,0.022,0.182,0.0292,0.0691,0.0062,0.6846,0.038,0.5868,0.0344
approach2,adult_race,fairlet,5,30,347810.5755,370.4555,-0.0365,0.0162,306.3694,8.3619,3.9551,0.2035,14133.4245,370.4555,0.0406,0.0011,0.8129,0.0018,0.2159,0.018,0.2097,0.0109,0.8659,0.0057
approach2,adult_race,bfkm,5,30,262665.4866,7497.0388,0.1348,0.0317,2858.0604,297.4474,2.0137,0.2028,99278.5134,7497.0388,0.3791,0.0395,0.188,0.0248,0.0693,0.0104,0.6931,0.0446,0.5998,0.0289
approach2,adult_race,fair_centroid,5,30,255965.5385,4586.5721,0.1464,0.0113,3124.9073,189.811,1.7981,0.1204,105978.4615,4586.5721,0.4145,0.0252,0.1812,0.0299,0.0735,0.0049,0.6718,0.0337,0.5832,0.0363
approach2,adult_race,postprocessing_nfp,5,30,250100.0267,3849.9656,0.1518,0.0095,3374.1301,168.9416,1.6977,0.1129,111843.9733,3849.9656,0.4475,0.0224,0.1816,0.0284,0.0689,0.0062,0.687,0.0384,0.587,0.0338
approach2,adult_race,postprocessing_gini,5,30,250343.1434,3819.6523,0.1516,0.0095,3363.4879,167.4109,1.6999,0.1125,111600.8566,3819.6523,0.4461,0.0222,0.1816,0.0284,0.0689,0.0062,0.687,0.0384,0.587,0.0338
approach2,adult_race,rawlsian,5,30,266768.057,2554.4492,0.128,0.0076,2690.761,99.3811,2.1235,0.1363,95175.943,2554.4492,0.3569,0.0132,0.1788,0.0198,0.069,0.0053,0.7257,0.028,0.5957,0.0231
approach2,adult_combined,kmeans,5,30,249892.9929,3773.3117,0.152,0.0095,3383.0743,165.9228,1.6967,0.1128,112051.0071,3773.3117,0.4487,0.022,0.506,0.0387,0.122,0.0141,0.5705,0.0527,0.8933,0.0349
approach2,adult_combined,fairlet,5,30,354392.3564,240.1434,-0.0498,0.0131,160.6552,5.2164,3.8638,0.261,7551.6436,240.1434,0.0213,0.0007,0.9087,0.0064,0.0552,0.003,0.7795,0.008,0.987,0.0024
approach2,adult_combined,bfkm,5,30,262645.5246,7511.6346,0.1347,0.0316,2858.8854,298.0824,2.0138,0.2027,99298.4754,7511.6346,0.3792,0.0395,0.4998,0.0547,0.1274,0.0287,0.5543,0.0759,0.8656,0.0632
approach2,adult_combined,fair_centroid,5,30,258137.264,4138.9559,0.146,0.0106,3034.5083,167.8583,1.7926,0.1173,103806.736,4138.9559,0.4025,0.0223,0.4975,0.0415,0.1218,0.0143,0.5597,0.0558,0.8863,0.0358
approach2,adult_combined,postprocessing_nfp,5,30,250014.1241,3785.932,0.1517,0.0095,3377.7979,166.3867,1.6977,0.1127,111929.8759,3785.932,0.448,0.0221,0.5136,0.0379,0.1195,0.0141,0.5787,0.052,0.8982,0.0327
approach2,adult_combined,postprocessing_gini,5,30,250060.4112,3796.1233,0.1517,0.0095,3375.7896,166.7643,1.6984,0.1127,111883.5888,3796.1233,0.4478,0.0221,0.5136,0.0379,0.1195,0.0141,0.5787,0.052,0.8982,0.0327
approach2,adult_combined,rawlsian,5,30,266051.7297,4959.8636,0.1321,0.0093,2720.8547,188.0027,2.0262,0.1688,95892.2703,4959.8636,0.3609,0.0249,0.4402,0.0301,0.1595,0.0051,0.4688,0.0375,0.7811,0.017
approach2,compas_race,kmeans,2,30,163323.0556,0.0213,0.1775,0.0,1696.8454,0.0013,2.0097,0.0,34951.9444,0.0213,0.214,0.0,0.7009,0.0,0.0476,0.0004,0.909,0.0007,0.9755,0.0
approach2,compas_race,fairlet,2,30,187071.3164,314.7794,0.0551,0.0016,474.8909,14.1445,3.7558,0.067,11203.6836,314.7794,0.0599,0.0018,0.7672,0.0042,0.1516,0.0051,0.7319,0.006,0.9662,0.0016
approach2,compas_race,bfkm,2,30,163323.3225,0.1778,0.1775,0.0,1696.8296,0.0105,2.0096,0.0,34951.6775,0.1778,0.214,0.0,0.7009,0.0,0.0474,0.0002,0.9095,0.0004,0.9756,0.0
approach2,compas_race,fair_centroid,2,30,165500.7354,28.1653,0.1704,0.0001,1570.1875,1.6174,2.0778,0.001,32774.2646,28.1653,0.198,0.0002,0.7057,0.0001,0.0651,0.0004,0.8776,0.0008,0.9746,0.0
approach2,compas_race,postprocessing_nfp,2,30,163346.3815,0.1496,0.1774,0.0,1695.4708,0.0088,2.0109,0.0,34928.6185,0.1496,0.2138,0.0,0.7002,0.0,0.0444,0.0004,0.9149,0.0007,0.9757,0.0
approach2,compas_race,postprocessing_gini,2,30,163598.384,0.1503,0.1764,0.0,1680.6455,0.0088,2.0195,0.0,34676.616,0.1503,0.212,0.0,0.7002,0.0,0.0444,0.0004,0.9149,0.0007,0.9757,0.0
approach2,compas_race,rawlsian,2,30,163323.0505,0.003,0.1775,0.0,1696.8457,0.0002,2.0097,0.0,34951.9495,0.003,0.214,0.0,0.7009,0.0,0.0476,0.0004,0.9091,0.0008,0.9755,0.0
approach2,compas_combined,kmeans,2,30,163323.0556,0.0213,0.1775,0.0,1696.8454,0.0013,2.0097,0.0,34951.9444,0.0213,0.214,0.0,0.3204,0.0,0.0609,0.0004,0.8848,0.0007,0.7964,0.0001
approach2,compas_combined,fairlet,2,30,195448.8369,177.7822,-0.0095,0.0031,114.6589,7.3176,4.4676,0.2355,2826.1631,177.7822,0.0145,0.0009,0.5951,0.0043,0.3406,0.0188,0.4572,0.0133,0.8168,0.0073
approach2,compas_combined,bfkm,2,30,163366.8284,0.3302,0.1775,0.0,1694.2662,0.0195,2.0109,0.0,34908.1716,0.3302,0.2137,0.0,0.3204,0.0,0.0587,0.0003,0.8888,0.0005,0.7966,0.0
approach2,compas_combined,fair_centroid,2,30,165754.2258,6.8181,0.1684,0.0,1555.66,0.3901,2.0838,0.0003,32520.7742,6.8181,0.1962,0.0,0.3203,0.0,0.0528,0.0005,0.8994,0.0009,0.797,0.0001
approach2,compas_combined,postprocessing_nfp,2,30,163351.3863,0.1703,0.1774,0.0,1695.1759,0.01,2.0111,0.0,34923.6137,0.1703,0.2138,0.0,0.32,0.0,0.0548,0.0004,0.8957,0.0007,0.7965,0.0001
approach2,compas_combined,postprocessing_gini,2,30,163624.2888,0.1772,0.1763,0.0,1679.1241,0.0104,2.0204,0.0,34650.7112,0.1772,0.2118,0.0,0.32,0.0,0.0548,0.0004,0.8957,0.0007,0.7965,0.0001
approach2,compas_combined,rawlsian,2,30,163323.1587,0.1821,0.1775,0.0,1696.8393,0.0107,2.0097,0.0001,34951.8413,0.1821,0.214,0.0,0.3204,0.0,0.0608,0.0006,0.885,0.001,0.7964,0.0001
approach2,law_race,kmeans,3,30,102795.5331,1498.4876,0.2572,0.0493,5951.2486,218.947,1.3829,0.2047,65432.4669,1498.4876,0.6369,0.0234,0.0745,0.0038,0.2877,0.0506,0.4988,0.1344,0.3204,0.012
approach2,law_race,fairlet,3,30,161033.7086,253.0122,0.0521,0.015,417.4961,15.344,3.4302,0.3597,7194.2914,253.0122,0.0447,0.0016,0.6745,0.0009,0.4182,0.0226,0.1598,0.0124,0.7192,0.0043
approach2,law_race,bfkm,3,30,105490.0397,1460.7305,0.1866,0.0385,5560.3666,211.1596,1.7335,0.1894,62737.9603,1460.7305,0.595,0.0226,0.075,0.007,0.3249,0.0543,0.354,0.1104,0.2988,0.0129
approach2,law_race,fair_centroid,3,30,111861.3082,1810.9734,0.2354,0.0456,4712.2864,223.0685,1.5365,0.2408,56366.6918,1810.9734,0.5043,0.0239,0.0697,0.0067,0.3291,0.0353,0.3801,0.0803,0.2923,0.0012
approach2,law_race,postprocessing_nfp,3,30,102806.3291,1504.7112,0.2571,0.0493,5949.6681,219.7945,1.3833,0.2052,65421.6709,1504.7112,0.6367,0.0235,0.0744,0.0037,0.2872,0.0506,0.4993,0.1344,0.3202,0.0121
approach2,law_race,postprocessing_gini,3,30,103006.7713,1532.4036,0.2563,0.0492,5920.0123,222.9045,1.3867,0.2062,65221.2287,1532.4036,0.6335,0.0239,0.0744,0.0037,0.2872,0.0506,0.4993,0.1344,0.3202,0.0121
approach2,law_race,rawlsian,3,30,105512.7769,0.4864,0.1675,0.0008,5554.2316,0.0687,1.7553,0.0004,62715.2231,0.4864,0.5944,0.0,0.0815,0.0006,0.3799,0.0003,0.2546,0.0018,0.2988,0.0015
approach2,law_combined,kmeans,3,30,102795.5331,1498.4876,0.2572,0.0493,5951.2486,218.947,1.3829,0.2047,65432.4669,1498.4876,0.6369,0.0234,0.5895,0.0123,0.0056,0.0048,0.9531,0.038,0.9496,0.0064
approach2,law_combined,fairlet,3,30,160701.6007,384.0103,0.1504,0.0113,437.702,23.3671,2.4061,0.1408,7526.3993,384.0103,0.0468,0.0025,0.7668,0.0102,0.1893,0.0108,0.5682,0.0168,0.9259,0.0106
approach2,law_combined,bfkm,3,30,105455.8873,1464.8211,0.1867,0.0385,5565.2116,211.8643,1.7322,0.1892,62772.1127,1464.8211,0.5956,0.0227,0.5571,0.0234,0.012,0.0044,0.894,0.04,0.9341,0.0125
approach2,law_combined,fair_centroid,3,30,107868.4513,235.6424,0.245,0.0436,5228.9365,31.7381,1.5259,0.1535,60359.5487,235.6424,0.5596,0.0034,0.5896,0.0217,0.0057,0.0055,0.9523,0.0369,0.9496,0.0091
approach2,law_combined,postprocessing_nfp,3,30,102795.5331,1498.4876,0.2572,0.0493,5951.2486,218.947,1.3829,0.2047,65432.4669,1498.4876,0.6369,0.0234,0.5895,0.0123,0.0056,0.0048,0.9531,0.038,0.9496,0.0064
approach2,law_combined,postprocessing_gini,3,30,102795.5331,1498.4876,0.2572,0.0493,5951.2486,218.947,1.3829,0.2047,65432.4669,1498.4876,0.6369,0.0234,0.5895,0.0123,0.0056,0.0048,0.9531,0.038,0.9496,0.0064
approach2,law_combined,rawlsian,3,30,105512.7769,0.4864,0.1675,0.0008,5554.2316,0.0687,1.7553,0.0004,62715.2231,0.4864,0.5944,0.0,0.5659,0.0015,0.0146,0.0006,0.8816,0.0029,0.9372,0.0006
