Dataset,Method,Best_k(Silhouette),Sil@k=2,Sil@best_k,Sil@k=10,Sil_range(max-min),Bal@k=2,Bal@best_k,Bal@k=10,Bal_range(max-min),SPD@k=2,SPD@best_k,SPD@k=10,SPD_range(max-min)
adult,K-Means,8,0.1247,0.1725,0.1542,0.0478,0.5112,0.3627,0.3375,0.1737,0.4253,0.1102,0.0813,0.3517
adult,Fairlet,4,0.0334,0.083,-0.0607,0.1437,0.6628,0.8466,0.9108,0.248,0.2481,0.0827,0.0904,0.1654
adult,BFKM,8,0.1247,0.1361,0.1254,0.024,0.511,0.403,0.4557,0.108,0.4256,0.0705,0.0655,0.3602
adult,CCF,5,0.1276,0.1619,0.1308,0.0448,0.5089,0.4385,0.3366,0.1723,0.4333,0.1491,0.0833,0.3563
adult,PP-NFP,8,0.1246,0.1723,0.1541,0.0477,0.5124,0.3635,0.3382,0.1741,0.4246,0.11,0.0812,0.3511
adult,PP-Gini,8,0.1245,0.1722,0.1539,0.0477,0.5124,0.3635,0.3382,0.1741,0.4246,0.11,0.0812,0.3511
adult,Rawlsian,8,0.1247,0.1531,0.15,0.0431,0.5112,0.3621,0.4241,0.1564,0.4253,0.1063,0.0997,0.3256
compas,K-Means,2,0.1795,0.1795,0.0946,0.0849,0.2622,0.2622,0.2396,0.0456,0.0938,0.0938,0.023,0.0709
compas,Fairlet,2,0.0146,0.0146,-0.1238,0.1384,0.5735,0.5735,0.9047,0.3312,0.3757,0.3757,0.1271,0.2485
compas,BFKM,2,0.1793,0.1793,0.1161,0.0659,0.2622,0.2622,0.2286,0.0392,0.0921,0.0921,0.0237,0.0684
compas,CCF,2,0.1728,0.1728,0.0885,0.087,0.2644,0.2644,0.2392,0.054,0.106,0.106,0.021,0.0851
compas,PP-NFP,2,0.1793,0.1793,0.0944,0.085,0.2619,0.2619,0.2396,0.0447,0.0918,0.0918,0.0226,0.0693
compas,PP-Gini,2,0.1786,0.1786,0.0939,0.0847,0.2619,0.2619,0.2396,0.0447,0.0918,0.0918,0.0226,0.0693
compas,Rawlsian,2,0.1794,0.1794,0.0901,0.0982,0.2624,0.2624,0.2454,0.017,0.0937,0.0937,0.0265,0.0675
german,K-Means,8,0.0816,0.0859,0.0723,0.0135,0.4563,0.3873,0.3294,0.1304,0.2059,0.0539,0.0517,0.1542
german,Fairlet,2,0.0131,0.0131,-0.0605,0.0736,0.6564,0.6564,0.91,0.2535,0.2434,0.2434,0.0952,0.1511
german,BFKM,2,0.2654,0.2654,0.0661,0.2019,0.3499,0.3499,0.3185,0.1277,0.0194,0.0194,0.0561,0.1268
german,CCF,8,0.08,0.0853,0.0679,0.0174,0.4574,0.3874,0.328,0.1349,0.2088,0.0529,0.052,0.1568
german,PP-NFP,8,0.0817,0.0821,0.0702,0.0119,0.4483,0.3867,0.3475,0.1055,0.1842,0.0484,0.0473,0.1369
german,PP-Gini,8,0.0779,0.0788,0.0683,0.0105,0.4483,0.3867,0.3475,0.1055,0.1842,0.0484,0.0473,0.1369
german,Rawlsian,2,0.0815,0.0815,0.0724,0.0343,0.4561,0.4561,0.3075,0.2072,0.2027,0.2027,0.0614,0.1413
credit,K-Means,2,0.1383,0.1383,0.0931,0.0452,0.6422,0.6422,0.6741,0.0362,0.0484,0.0484,0.0121,0.0363
credit,Fairlet,2,0.0364,0.0364,-0.0511,0.0875,0.7497,0.7497,0.9193,0.1696,0.1642,0.1642,0.0601,0.1041
credit,BFKM,2,0.1383,0.1383,0.0945,0.0466,0.6422,0.6422,0.6604,0.0364,0.0483,0.0483,0.0111,0.0372
credit,CCF,2,0.1353,0.1353,0.0908,0.0445,0.6422,0.6422,0.6717,0.035,0.0465,0.0465,0.0115,0.035
credit,PP-NFP,2,0.138,0.138,0.0929,0.0451,0.6426,0.6426,0.6733,0.0347,0.0472,0.0472,0.0118,0.0353
credit,PP-Gini,2,0.138,0.138,0.0928,0.0452,0.6426,0.6426,0.6733,0.0347,0.0472,0.0472,0.0118,0.0353
credit,Rawlsian,2,0.1383,0.1383,0.0915,0.0468,0.6422,0.6422,0.6752,0.0405,0.0484,0.0484,0.0123,0.0361
law,K-Means,4,0.2521,0.2817,0.1665,0.1151,0.773,0.7211,0.742,0.0812,0.0145,0.026,0.0178,0.017
law,Fairlet,2,0.0987,0.0987,-0.0813,0.18,0.821,0.821,0.9322,0.1125,0.1072,0.1072,0.0392,0.068
law,BFKM,3,0.252,0.2625,0.1617,0.1008,0.773,0.6922,0.7366,0.0808,0.0145,0.0314,0.0188,0.0169
law,CCF,4,0.2462,0.2762,0.1647,0.1115,0.7725,0.7201,0.7418,0.0852,0.0105,0.0254,0.018,0.022
law,PP-NFP,4,0.2521,0.2806,0.166,0.1145,0.773,0.7269,0.7447,0.0736,0.0145,0.0253,0.0175,0.016
law,PP-Gini,4,0.2521,0.2807,0.1655,0.1152,0.773,0.7269,0.7447,0.0736,0.0145,0.0253,0.0175,0.016
law,Rawlsian,3,0.2519,0.2694,0.1607,0.1087,0.7729,0.7995,0.7341,0.095,0.0145,0.0134,0.0195,0.0102
adult_race,K-Means,8,0.1247,0.1725,0.1542,0.0478,0.1749,0.1848,0.1791,0.0703,0.164,0.0455,0.0375,0.1265
adult_race,Fairlet,2,0.0035,0.0035,-0.114,0.1175,0.5455,0.5455,0.9031,0.3576,0.4069,0.4069,0.1397,0.2672
adult_race,BFKM,8,0.1248,0.1361,0.1254,0.0241,0.1749,0.188,0.1849,0.049,0.1634,0.0457,0.0344,0.129
adult_race,CCF,8,0.1236,0.1612,0.1433,0.0376,0.1732,0.1868,0.1818,0.0716,0.18,0.0473,0.039,0.141
adult_race,PP-NFP,8,0.1246,0.1724,0.1541,0.0479,0.1748,0.1839,0.1784,0.0679,0.1634,0.0454,0.0374,0.126
adult_race,PP-Gini,8,0.1245,0.1721,0.1538,0.0475,0.1748,0.1839,0.1784,0.0679,0.1634,0.0454,0.0374,0.126
adult_race,Rawlsian,8,0.1247,0.1531,0.13,0.0339,0.1749,0.1839,0.1795,0.0731,0.164,0.0465,0.038,0.126
adult_combined,K-Means,8,0.1247,0.1725,0.1542,0.0478,0.4954,0.4619,0.4336,0.1068,0.3531,0.0908,0.0721,0.2885
adult_combined,Fairlet,2,0.1481,0.1481,-0.1352,0.2833,0.8849,0.8849,0.9381,0.0532,0.0376,0.0376,0.0331,0.0203
adult_combined,BFKM,8,0.1248,0.1361,0.1253,0.024,0.4969,0.5447,0.5133,0.0872,0.3517,0.0624,0.0553,0.2963
adult_combined,CCF,8,0.1262,0.1592,0.1387,0.0377,0.4955,0.4332,0.4092,0.1257,0.3529,0.0937,0.0751,0.287
adult_combined,PP-NFP,8,0.1245,0.1723,0.154,0.0478,0.5025,0.4671,0.4384,0.1059,0.3467,0.0892,0.0708,0.2836
adult_combined,PP-Gini,8,0.1245,0.1722,0.1539,0.0477,0.5025,0.4671,0.4384,0.1059,0.3467,0.0892,0.0708,0.2836
adult_combined,Rawlsian,6,0.1247,0.1616,0.15,0.0516,0.4954,0.4514,0.427,0.257,0.3531,0.1296,0.0856,0.2675
compas_race,K-Means,2,0.1775,0.1775,0.1028,0.0792,0.701,0.701,0.4972,0.2255,0.0479,0.0479,0.0545,0.0846
compas_race,Fairlet,2,0.054,0.054,-0.0633,0.1173,0.7641,0.7641,0.9239,0.1598,0.1555,0.1555,0.0524,0.1031
compas_race,BFKM,2,0.1775,0.1775,0.1048,0.0782,0.701,0.701,0.5506,0.1504,0.0475,0.0475,0.0532,0.0849
compas_race,CCF,2,0.1704,0.1704,0.0996,0.0791,0.7057,0.7057,0.4999,0.2282,0.0654,0.0654,0.0546,0.0795
compas_race,PP-NFP,2,0.1774,0.1774,0.1024,0.08,0.7003,0.7003,0.5067,0.2203,0.0447,0.0447,0.0538,0.0862
compas_race,PP-Gini,2,0.1764,0.1764,0.1019,0.08,0.7003,0.7003,0.5067,0.2203,0.0447,0.0447,0.0538,0.0862
compas_race,Rawlsian,2,0.1775,0.1775,0.0886,0.0996,0.701,0.701,0.5506,0.1597,0.0479,0.0479,0.0522,0.0846
compas_combined,K-Means,2,0.1775,0.1775,0.1028,0.0792,0.3204,0.3204,0.308,0.0537,0.0612,0.0612,0.0157,0.0463
compas_combined,Fairlet,2,-0.0113,-0.0113,-0.1488,0.1375,0.5979,0.5979,0.9053,0.3074,0.3286,0.3286,0.1198,0.2244
compas_combined,BFKM,2,0.1775,0.1775,0.1054,0.0786,0.3204,0.3204,0.3231,0.0107,0.0586,0.0586,0.0136,0.045
compas_combined,CCF,2,0.1684,0.1684,0.0994,0.0764,0.3203,0.3203,0.3414,0.0843,0.0532,0.0532,0.015,0.0384
compas_combined,PP-NFP,2,0.1774,0.1774,0.1024,0.0795,0.32,0.32,0.2921,0.0385,0.0551,0.0551,0.0144,0.0416
compas_combined,PP-Gini,2,0.1763,0.1763,0.1019,0.079,0.32,0.32,0.2921,0.0385,0.0551,0.0551,0.0144,0.0416
compas_combined,Rawlsian,2,0.1775,0.1775,0.0886,0.0996,0.3204,0.3204,0.2918,0.0286,0.0612,0.0612,0.0122,0.0492
law_race,K-Means,3,0.2652,0.2844,0.1561,0.1283,0.0734,0.0723,0.096,0.0237,0.4241,0.2595,0.1046,0.3195
law_race,Fairlet,2,0.1122,0.1122,-0.083,0.1951,0.5151,0.5151,0.901,0.3859,0.5389,0.5389,0.1607,0.3783
law_race,BFKM,2,0.2651,0.2651,0.1469,0.1247,0.0733,0.0733,0.1074,0.034,0.4225,0.4225,0.093,0.3296
law_race,CCF,3,0.2416,0.2607,0.1203,0.1404,0.0735,0.066,0.0951,0.029,0.4478,0.3096,0.1214,0.3264
law_race,PP-NFP,3,0.2651,0.2842,0.1553,0.129,0.0733,0.0723,0.0953,0.023,0.4232,0.2589,0.1044,0.3188
law_race,PP-Gini,3,0.2644,0.2834,0.1549,0.1286,0.0733,0.0723,0.0953,0.023,0.4232,0.2589,0.1044,0.3188
law_race,Rawlsian,2,0.2652,0.2652,0.1486,0.1242,0.0735,0.0735,0.1018,0.0314,0.4247,0.4247,0.1097,0.3151
law_combined,K-Means,3,0.2652,0.2844,0.1561,0.1283,0.6141,0.5962,0.622,0.1138,0.0046,0.003,0.0084,0.0126
law_combined,Fairlet,2,0.1977,0.1977,0.0179,0.1799,0.6765,0.6765,0.9124,0.2359,0.2544,0.2544,0.0719,0.1825
law_combined,BFKM,2,0.2652,0.2652,0.1468,0.1247,0.6141,0.6141,0.5805,0.0682,0.0046,0.0046,0.0138,0.0164
law_combined,CCF,3,0.2568,0.2693,0.1344,0.1349,0.6129,0.5993,0.5589,0.0703,0.0038,0.0029,0.0075,0.0126
law_combined,PP-NFP,3,0.2652,0.2844,0.1557,0.1286,0.6141,0.5962,0.621,0.0619,0.0046,0.003,0.0051,0.01
law_combined,PP-Gini,3,0.2652,0.2844,0.1557,0.1287,0.6141,0.5962,0.621,0.0619,0.0046,0.003,0.0051,0.01
law_combined,Rawlsian,2,0.2652,0.2652,0.1486,0.1242,0.6141,0.6141,0.5291,0.085,0.0046,0.0046,0.0145,0.0126
diabetes_gender,K-Means,6,0.074,0.0806,0.0498,0.0578,0.8583,0.846,0.7936,0.0732,0.0134,0.0051,0.003,0.0108
diabetes_gender,Fairlet,2,0.0352,0.0352,0.0005,0.046,0.8768,0.8768,0.9641,0.0874,0.0701,0.0701,0.0201,0.05
diabetes_gender,BFKM,2,0.1535,0.1535,0.0643,0.1196,0.8808,0.8808,0.8532,0.0387,0.0095,0.0095,0.0035,0.0066
diabetes_gender,CCF,4,0.0722,0.0788,0.0502,0.0566,0.8578,0.8407,0.8281,0.0383,0.007,0.0062,0.003,0.015
diabetes_gender,PP-NFP,6,0.074,0.0802,0.0513,0.0565,0.8583,0.8573,0.9158,0.0748,0.0134,0.0051,0.0029,0.0109
diabetes_gender,PP-Gini,6,0.074,0.0802,0.0513,0.0565,0.8583,0.8573,0.9158,0.0748,0.0134,0.0051,0.0029,0.0109
diabetes_gender,Rawlsian,2,0.0748,0.0748,0.0646,0.0549,0.8585,0.8585,0.8085,0.0665,0.0141,0.0141,0.0078,0.0104
diabetes_race,K-Means,9,0.0743,0.0816,0.0473,0.0617,0.2521,0.1845,0.1807,0.0714,0.0164,0.0085,0.0114,0.0166
diabetes_race,Fairlet,4,-0.0303,0.012,-0.0693,0.0812,0.713,0.7794,0.9088,0.1959,0.2603,0.2264,0.1066,0.1537
diabetes_race,BFKM,3,0.0749,0.1807,0.0607,0.1499,0.2521,0.1734,0.2053,0.0787,0.0153,0.0389,0.0146,0.0244
diabetes_race,CCF,9,0.0685,0.082,0.0505,0.0615,0.2518,0.3233,0.1818,0.2035,0.0143,0.0088,0.0118,0.0171
diabetes_race,PP-NFP,9,0.0744,0.0814,0.0468,0.0614,0.2521,0.1855,0.1868,0.0666,0.0162,0.0084,0.0114,0.0165
diabetes_race,PP-Gini,9,0.0743,0.0814,0.0468,0.0615,0.2521,0.1855,0.1868,0.0666,0.0162,0.0084,0.0114,0.0165
diabetes_race,Rawlsian,2,0.0748,0.0748,0.0675,0.0551,0.2521,0.2521,0.2334,0.0318,0.0144,0.0144,0.0141,0.0213
diabetes_combined,K-Means,9,0.0743,0.0816,0.0473,0.0617,0.6382,0.6159,0.6296,0.0907,0.0027,0.0017,0.003,0.0074
diabetes_combined,Fairlet,3,-0.0615,-0.0124,-0.1081,0.0957,0.7378,0.7973,0.9261,0.1883,0.1757,0.1531,0.0579,0.1178
diabetes_combined,BFKM,3,0.075,0.1813,0.0605,0.1495,0.6385,0.6829,0.6767,0.0471,0.0049,0.0075,0.0041,0.0034
diabetes_combined,CCF,9,0.0652,0.077,0.048,0.0562,0.6397,0.6398,0.5949,0.1087,0.0126,0.0046,0.0031,0.0096
diabetes_combined,PP-NFP,9,0.0743,0.0816,0.0472,0.0617,0.6382,0.6151,0.7384,0.126,0.0027,0.0017,0.003,0.0074
diabetes_combined,PP-Gini,9,0.0743,0.0816,0.0473,0.0617,0.6382,0.6151,0.7384,0.126,0.0027,0.0017,0.003,0.0074
diabetes_combined,Rawlsian,2,0.0748,0.0748,0.0675,0.0551,0.6385,0.6385,0.6667,0.0483,0.0059,0.0059,0.0049,0.0069
dutch_gender,K-Means,8,0.2093,0.2681,0.2447,0.0806,0.875,0.814,0.788,0.0917,0.0503,0.0288,0.0275,0.0229
dutch_gender,Fairlet,2,0.257,0.257,-0.0335,0.2905,0.9976,0.9976,0.9969,0.0014,0.0005,0.0005,0.0007,0.0011
dutch_gender,BFKM,6,0.1343,0.2225,0.2185,0.0882,0.8371,0.7713,0.7458,0.1218,0.0886,0.0388,0.0309,0.0578
dutch_gender,CCF,8,0.2092,0.2599,0.2392,0.0755,0.8687,0.8158,0.7804,0.1205,0.0531,0.029,0.0277,0.0255
dutch_gender,PP-NFP,8,0.2089,0.268,0.2446,0.0805,0.8762,0.815,0.7889,0.0914,0.0499,0.0287,0.0274,0.0225
dutch_gender,PP-Gini,8,0.209,0.2678,0.2445,0.0805,0.8762,0.815,0.7889,0.0914,0.0499,0.0287,0.0274,0.0225
dutch_gender,Rawlsian,10,0.1519,0.2449,0.2449,0.093,0.8514,0.7793,0.7793,0.078,0.0742,0.0284,0.0284,0.0463
meps_gender,K-Means,5,0.2921,0.395,0.3647,0.1029,0.9256,0.8923,0.8431,0.0825,0.0393,0.0188,0.0161,0.0281
meps_gender,Fairlet,2,0.1226,0.1226,-0.1179,0.2405,0.9205,0.9205,0.9689,0.0483,0.043,0.043,0.0139,0.0292
meps_gender,BFKM,4,0.2961,0.3876,0.2797,0.1247,0.924,0.889,0.8749,0.0552,0.0302,0.0232,0.0123,0.0179
meps_gender,CCF,5,0.2859,0.3945,0.3527,0.1086,0.9133,0.8944,0.8264,0.0897,0.0456,0.0186,0.0166,0.0335
meps_gender,PP-NFP,5,0.2922,0.3946,0.3646,0.1024,0.9253,0.9004,0.845,0.0803,0.0384,0.0185,0.0159,0.0274
meps_gender,PP-Gini,5,0.2917,0.3945,0.3643,0.1029,0.9253,0.9004,0.845,0.0803,0.0384,0.0185,0.0159,0.0274
meps_gender,Rawlsian,4,0.2961,0.3876,0.2903,0.0973,0.924,0.889,0.8577,0.0664,0.0302,0.0232,0.0153,0.0191
meps_race,K-Means,5,0.2921,0.395,0.3647,0.1029,0.4791,0.4676,0.4756,0.032,0.0645,0.0185,0.0184,0.0461
meps_race,Fairlet,2,0.0674,0.0674,-0.1854,0.2528,0.6547,0.6547,0.9095,0.2547,0.2605,0.2605,0.0939,0.1666
meps_race,BFKM,4,0.2961,0.3874,0.2796,0.1249,0.4894,0.4756,0.4914,0.0307,0.0335,0.0231,0.017,0.0378
meps_race,CCF,5,0.2886,0.3942,0.3624,0.1056,0.4797,0.4693,0.4761,0.0306,0.0663,0.0186,0.0185,0.0478
meps_race,PP-NFP,5,0.292,0.3946,0.3644,0.1026,0.4789,0.4673,0.4743,0.0314,0.0639,0.0182,0.0182,0.0456
meps_race,PP-Gini,5,0.2917,0.3943,0.3642,0.1026,0.4789,0.4673,0.4743,0.0314,0.0639,0.0182,0.0182,0.0456
meps_race,Rawlsian,4,0.2961,0.3876,0.2903,0.0973,0.4894,0.4756,0.4768,0.0445,0.0335,0.0231,0.0146,0.0189
meps_combined,K-Means,5,0.2921,0.395,0.3647,0.1029,0.8701,0.8687,0.8114,0.0733,0.0632,0.0277,0.0177,0.048
meps_combined,Fairlet,2,0.0224,0.0224,-0.2694,0.2919,0.874,0.874,0.9411,0.0745,0.0721,0.0721,0.0253,0.0468
meps_combined,BFKM,4,0.2961,0.3876,0.2797,0.1254,0.902,0.8492,0.8333,0.0687,0.0408,0.0343,0.0147,0.0261
meps_combined,CCF,5,0.2878,0.3941,0.3519,0.1063,0.869,0.8562,0.7939,0.0903,0.0584,0.0278,0.0188,0.0413
meps_combined,PP-NFP,5,0.2922,0.3945,0.3645,0.1022,0.8695,0.8762,0.8197,0.0736,0.0603,0.0265,0.0171,0.0457
meps_combined,PP-Gini,5,0.2917,0.3945,0.3642,0.1027,0.8695,0.8762,0.8197,0.0736,0.0603,0.0265,0.0171,0.0457
meps_combined,Rawlsian,4,0.2961,0.3876,0.2903,0.0973,0.902,0.8492,0.8436,0.0651,0.0408,0.0343,0.0173,0.0254
