Dataset,Method,k,Inertia,Silhouette,Calinski_Harabasz,Davies_Bouldin,Dunn_Index,WCSS,BCSS,TSS,Variance_Ratio,Inter_Cluster_Distance,Intra_Cluster_Distance,Separation_Index
diabetes_gender,kmeans,2,3718766.634489405,0.07387865142485564,4318.585497057952,3.9511427277571336,0.005714580420760722,3718766.634489405,161421.36551059358,3880187.999999999,0.04340723185302998,2.5495910045396735,7.298169633745327,0.34934663518245135
diabetes_gender,fairlet,2,3814831.781944534,0.03546052137856907,1704.4762406337147,6.324023049992,0.0036525968307533434,3814831.781944534,65356.21805547124,3880187.999999999,0.017132136301474667,1.6296136266114762,7.473692000368857,0.2180466664308682
diabetes_gender,bfkm,2,3718759.5823400896,0.07441277954929632,4318.782356690604,3.9525222523365877,0.005715846889975447,3718759.5823400896,161428.4176599105,3880187.999999999,0.04340921054066342,2.5501369056402776,7.302309797567567,0.3492233247197674
diabetes_gender,fair_centroid,2,3724895.4379678294,0.07223847672797054,4147.782737495962,4.028480564254882,0.005608042675799888,3724895.4379678294,155292.5620321683,3880187.999999999,0.041690448663141644,2.502058612623501,7.306359732831478,0.3424494144984924
diabetes_gender,postprocessing_nfp,2,3718768.9269990744,0.07403569437357231,4318.521502173991,3.9517598527957722,0.005714923670390679,3718768.9269990744,161419.07300092478,3880187.999999999,0.0434065886237209,2.549744147221098,7.299810583275978,0.3492890833445208
diabetes_gender,postprocessing_gini,2,3718768.9269990744,0.07403569437357231,4318.521502173991,3.9517598527957722,0.005714923670390679,3718768.9269990744,161419.07300092478,3880187.999999999,0.0434065886237209,2.549744147221098,7.299810583275978,0.3492890833445208
diabetes_gender,rawlsian,2,3718769.744191838,0.07481391117907396,4318.4986904437155,3.9537290183087177,0.0057163152843260736,3718769.744191838,161418.25580816326,3880187.999999999,0.04340635933705614,2.55036502331527,7.305487686932102,0.34910263799052155
diabetes_race,kmeans,2,3562609.445109017,0.07477041667178165,4131.6236030867985,3.956194186500057,0.00583694845518712,3562609.445109017,154441.55489095635,3717050.9999999986,0.043350683612817506,2.5488732412714494,7.30672308980858,0.3488394468960537
diabetes_race,fairlet,2,3697238.5376671567,-0.029837609050701736,510.72343001912895,8.883816838214218,0.0025545870037860306,3697238.5376671567,19812.462332843115,3717050.9999999986,0.005358718982017364,1.1155346850225494,7.173820819743381,0.15550077330513168
diabetes_race,bfkm,2,3562609.174832767,0.07490380774704253,4131.631146967364,3.956187093423933,0.005837808337537158,3562609.174832767,154441.8251672045,3717050.9999999986,0.0433507627662959,2.5490667597950147,7.306972907532088,0.3488540045313998
diabetes_race,fair_centroid,2,3577267.5629990124,0.0685124143028397,3724.166502961187,4.1521061425635235,0.005568315754771794,3577267.5629990124,139783.43700096026,3717050.9999999986,0.03907547717335754,2.43156696264385,7.322364287292386,0.3320740224388615
diabetes_race,postprocessing_nfp,2,3562639.293325763,0.07437579012248248,4130.790494442908,3.955483236458408,0.005835538779776856,3562639.293325763,154411.70667420927,3717050.9999999986,0.043341942296399094,2.5482576655198925,7.303442663638736,0.34891184649217116
diabetes_race,postprocessing_gini,2,3562711.7080665375,0.07433026782281878,4128.769348076932,3.956424944409604,0.005834170267657044,3562711.7080665375,154339.29193343545,3717050.9999999986,0.04332073560259931,2.5476600649158567,7.303538577905565,0.34882544094761925
diabetes_race,rawlsian,2,3562607.9442422325,0.07478784077692208,4131.665494905777,3.9558821733770366,0.005836841664322129,3562607.9442422325,154443.05575773906,3717050.9999999986,0.04335112315890519,2.5488266079355073,7.305985968506811,0.34886825938654703
diabetes_combined,kmeans,2,3562609.445109017,0.07477041667178165,4131.6236030867985,3.956194186500057,0.00583694845518712,3562609.445109017,154441.55489095635,3717050.9999999986,0.043350683612817506,2.5488732412714494,7.30672308980858,0.3488394468960537
diabetes_combined,fairlet,2,3708020.2523564715,-0.06244194862682722,232.11671109795967,8.50491786554308,0.0025947127143342175,3708020.2523564715,9030.74764352682,3717050.9999999986,0.002435463408752344,1.1330567431130896,6.957721712787567,0.16284881601841728
diabetes_combined,bfkm,2,3568650.342360287,0.013172660309470492,3963.2970789478672,3.082145652010486,0.006773755236198651,3568650.342360287,148400.65763965744,3717050.9999999986,0.04158453291938543,2.9579571580978805,6.59844051146155,0.4482812496316187
diabetes_combined,fair_centroid,2,3581783.406535941,0.06521943836527008,3599.3099154884103,4.210433166186508,0.005485455507757782,3581783.406535941,135267.5934640338,3717050.9999999986,0.03776543082342756,2.3953836267791195,7.3131964171945185,0.32754263527603084
diabetes_combined,postprocessing_nfp,2,3562620.1538900356,0.07432659699325203,4131.324703288632,3.9550672553848747,0.005835817887585876,3562620.1538900356,154430.8461099379,3717050.9999999986,0.043347547433962165,2.5483795460592367,7.303074984564681,0.3489461016688629
diabetes_combined,postprocessing_gini,2,3562620.1538900356,0.07432659699325203,4131.324703288632,3.9550672553848747,0.005835817887585876,3562620.1538900356,154430.8461099379,3717050.9999999986,0.043347547433962165,2.5483795460592367,7.303074984564681,0.3489461016688629
diabetes_combined,rawlsian,2,3562607.9442422325,0.07478784077692208,4131.665494905777,3.9558821733770366,0.005836841664322129,3562607.9442422325,154443.05575773906,3717050.9999999986,0.04335112315890519,2.5488266079355073,7.305985968506811,0.34886825938654703
dutch_gender,kmeans,10,219122.05999667844,0.2547300565821494,11795.839753501157,1.1360600859647092,0.15650597870103855,219122.05999667844,385077.94000332674,604200.0,1.757367286566966,5.157835063488493,2.9695755079726602,1.736893050754505
dutch_gender,fairlet,10,442638.3801191879,-0.04030339567133022,2449.9400502284475,2.624735296888846,0.08029542110166958,442638.3801191879,161561.61988081734,604200.0,0.3649968623084924,2.766665239679482,3.9036050808413973,0.7087461929123079
dutch_gender,bfkm,10,221933.94782466395,0.2402139179946759,11561.343883449346,1.2331528929609634,0.14793967303523817,221933.94782466395,382266.05217533524,604200.0,1.7224316330250637,5.123659828265332,2.991077308962891,1.7129814107151513
dutch_gender,fair_centroid,10,239933.6428706855,0.2392284452772457,10190.470614615208,1.2207280476001947,0.12608103390179312,239933.6428706855,364266.3571293114,604200.0,1.5181962511428055,4.977397354010537,2.9336939512218168,1.6966314267163296
dutch_gender,postprocessing_nfp,10,219409.37388846892,0.24460342885721212,11771.603672692207,1.1788177053739435,0.15503555818305617,219409.37388846892,384790.6261115276,604200.0,1.753756547827013,5.07206869842176,2.942276263193807,1.7238587558450709
dutch_gender,postprocessing_gini,10,219544.77452166993,0.24446037117002992,11760.204076707283,1.1794576170494617,0.15503555818305617,219544.77452166993,384655.22547832667,604200.0,1.752058213712391,5.071166834069887,2.9432878957887025,1.7229598373050028
dutch_gender,rawlsian,10,238500.354916007,0.2448975050089102,10292.048769722029,1.248087949898606,0.15546456180604848,238500.354916007,365699.6450839929,604200.0,1.5333295634414543,4.859000704809618,2.9142395620934094,1.6673305681565904
meps_gender,kmeans,5,281559.9103431891,0.395048018489681,12661.483029692641,0.9524241139318855,0.16232120133097364,281559.9103431891,411540.08965680463,693099.9999999998,1.461643062590781,11.917069837148095,5.018035173724563,2.3748478088691485
meps_gender,fairlet,5,537248.4385883594,0.07343627378228469,2512.923358652592,2.3662919228276125,0.08063018256866872,537248.4385883594,155851.56141163877,693099.9999999998,0.29009216261501786,6.0573518858316655,7.158248447634129,0.8462058742643501
meps_gender,bfkm,5,318069.64640070614,0.31785423147362174,10213.802149360383,1.165793972007377,0.06467188480569219,318069.64640070614,375030.3535992876,693099.9999999998,1.1790824992046618,5.77000648321977,3.096289786008706,1.8635227585263061
meps_gender,fair_centroid,5,286196.9902549379,0.39452290888567126,12315.98319317312,0.9544992317256586,0.13564045471438238,286196.9902549379,406903.0097450559,693099.9999999998,1.4217585215784267,11.907371766597294,4.940585866236401,2.4101133122635097
meps_gender,postprocessing_nfp,5,282362.9916573201,0.39461657888470875,12600.834528224801,0.9535567414971581,0.16185731804340572,282362.9916573201,410737.00834267365,693099.9999999998,1.4546417925800634,11.951697220860463,5.009433800120566,2.3858379405219035
meps_gender,postprocessing_gini,5,283311.4740545129,0.39450709972947146,12529.64821791757,0.9556431080238564,0.16181772931463892,283311.4740545129,409788.5259454808,693099.9999999998,1.4464240367004408,11.902563676831335,5.0211854852808075,2.37046882886974
meps_gender,rawlsian,5,293255.3692321969,0.36049002716780626,11811.050972722713,1.3198880909900461,0.08935227011224421,293255.3692321969,399844.63076780346,693099.9999999998,1.3634690877601978,5.596319451368972,3.438133401798198,1.6277202764854932
meps_race,kmeans,5,281559.9103431891,0.395048018489681,12661.483029692641,0.9524241139318855,0.16232120133097364,281559.9103431891,411540.08965680463,693099.9999999998,1.461643062590781,11.917069837148095,5.018035173724563,2.3748478088691485
meps_race,fairlet,5,598583.1925520423,-0.01072356734307265,1367.8162947195788,3.0965186594308505,0.06427035465436813,598583.1925520423,94516.80744795967,693099.9999999998,0.15790087096329913,3.9272337988670833,6.170801082297227,0.6364220376724699
meps_race,bfkm,5,318087.0508683957,0.3173217759864735,10212.769312626035,1.1644259879190322,0.06471530625003652,318087.0508683957,375012.94913159806,693099.9999999998,1.1789632684128177,5.769989090209057,3.0927533149665924,1.8656480173464411
meps_race,fair_centroid,5,284867.8363312909,0.3942023442327556,12413.865894173947,0.9515625222080132,0.1444302461180813,284867.8363312909,408232.1636687028,693099.9999999998,1.4330581118815524,11.928987525717696,4.950362887764916,2.4097198116931633
meps_race,postprocessing_nfp,5,282014.26264007017,0.3946164514789015,12627.128027298457,0.9529683942377926,0.16242748808526572,282014.26264007017,411085.7373599236,693099.9999999998,1.457677117148451,11.912574735969084,5.021976244643323,2.3720890254460283
meps_race,postprocessing_gini,5,282422.178685305,0.3943006691132399,12596.378385362252,0.9538141070963244,0.1623154369442717,282422.178685305,410677.8213146888,693099.9999999998,1.4541273749335932,11.910182204489937,5.0245947940285625,2.3703766557742116
meps_race,rawlsian,5,294651.62212941825,0.3669785368840973,11714.033842270588,1.3853026031320057,0.08770003287469497,294651.62212941825,398448.3778705836,693099.9999999998,1.3522694190211357,5.594367421076188,3.469320349870916,1.612525468074558
meps_combined,kmeans,5,281559.9103431891,0.395048018489681,12661.483029692641,0.9524241139318855,0.16232120133097364,281559.9103431891,411540.08965680463,693099.9999999998,1.461643062590781,11.917069837148095,5.018035173724563,2.3748478088691485
meps_combined,fairlet,5,649785.6308669808,-0.09441204819238132,577.4377037456951,3.3735735377808913,0.05757500558247213,649785.6308669808,43314.36913301901,693099.9999999998,0.06665947517987822,3.8132777065286256,6.103150071458225,0.6248048404317739
meps_combined,bfkm,5,294650.0886581995,0.3668104409639889,11714.13988950895,1.3864228928945426,0.08941368954869347,294650.0886581995,398449.9113418024,693099.9999999998,1.3522816611265744,5.592414293173512,3.470775140138741,1.6112868357556462
meps_combined,fair_centroid,5,287182.05677393556,0.3941366871882405,12244.02465354466,0.9572927035892433,0.1409681950779479,287182.05677393556,405917.9432260582,693099.9999999998,1.413451619456815,11.924067734777541,4.961390979087753,2.4033719142549836
meps_combined,postprocessing_nfp,5,282113.2794849416,0.3944757711932665,12619.655738863123,0.9544517124795264,0.16186038815990214,282113.2794849416,410986.72051505215,693099.9999999998,1.456814515308874,11.915396355461553,5.021887039513107,2.3726930258902836
meps_combined,postprocessing_gini,5,282330.711603045,0.3944713260114683,12603.265654434,0.9548791625212214,0.16183670678643308,282330.711603045,410769.28839694866,693099.9999999998,1.454922442070303,11.913630917259734,5.0224303275029865,2.372084855417569
meps_combined,rawlsian,5,293255.3692321969,0.36049002716780626,11811.050972722713,1.3198880909900461,0.08935227011224421,293255.3692321969,399844.63076780346,693099.9999999998,1.3634690877601978,5.596319451368972,3.438133401798198,1.6277202764854932
